!	1
"	116
"(generic	1
"@-quoting	1
"[131]	1
"[15	1
"[27]	1
"[44]	1
"[57]	1
"[71]	1
"all	1
"batteries	1
"beast"	1
"better	1
"binding	1
"blah"	2
"development	1
"dog"	1
"enhanced	1
"feature	1
"floor	1
"hobby	1
"hotspots	1
"make	1
"mobile	1
"new-style	1
"notebook	1
"old-style	1
"perfect	1
"pigeon	2
"pink	1
"predator	1
"predator"	1
"problem	1
"protected	1
"real	2
"red	1
"tiger	1
"typed	1
"value	1
"variable	1
"variables	1
"were-jaguar	1
"y	1
"z	1
#to_h	1
$	4
%	5
%d	1
%s	1
&	9
&&	3
'	21
')	1
'13.[88	1
'Lyons	1
'executive	1
'jaguar	1
'macho	1
'pigeon	1
'price-per-carat	1
's	119
(	272
(79	1
(9,000	1
(97	2
(among	1
(especially	1
(unitary	1
(usually	1
(variables	1
(xj40	1
(xj81	1
)	292
)"	1
)[21][28	1
*	2
**	2
+	4
,	1331
,[1	2
,[100]	1
,[101]	1
,[102	1
,[103]	2
,[104	1
,[107][108	1
,[109	1
,[110]	1
,[112][113]	1
,[14]	1
,[16]	1
,[18]	1
,[22]	1
,[26]	1
,[28	2
,[29	1
,[31]	1
,[33]	1
,[37]	1
,[4	1
,[40]	1
,[46]	1
,[53]	1
,[54]	1
,[6	1
,[71]	1
,[75	1
,[76]	1
,[79]	1
,[8	1
,[82	1
,[95	1
,[citation	1
-	17
-,	1
-2	1
-3	2
-3.0.	1
-7	3
-7.5	1
->(a,b	1
-eté	1
.	702
."	1
...	3
.NET	2
.[1	3
.[101]	1
.[102	1
.[104	1
.[105	1
.[106	1
.[10]	4
.[114]	1
.[115][116][117][118]	1
.[119]	1
.[11]	3
.[120][121]	1
.[122]	1
.[124]	1
.[125	1
.[126]	1
.[127]	1
.[128	1
.[129	1
.[12]	2
.[130]	1
.[132	1
.[135]	1
.[13]	1
.[13][14]	1
.[13][15][16][17]	2
.[14]	3
.[15	6
.[16]	2
.[17]	4
.[17][18]	1
.[18]	3
.[19]	4
.[19][20]	1
.[19][20][21][22]	1
.[2	2
.[20]	7
.[21]	3
.[21][30]	1
.[22]	3
.[22][23]	1
.[23]	5
.[24]	4
.[24][25	1
.[25	2
.[26]	3
.[27]	3
.[28	1
.[29	4
.[3	2
.[30]	2
.[30][31]	1
.[31]	4
.[32	4
.[32][72]	1
.[33]	7
.[34]	2
.[35]	6
.[35][36]	1
.[35][51]	1
.[36]	1
.[37]	3
.[38]	3
.[39]	3
.[4	2
.[40]	1
.[41]	4
.[42]	2
.[43]	3
.[44]	5
.[44][100]	1
.[45]	3
.[46]	1
.[47]	3
.[47][48]	2
.[48][49][50]	1
.[49][50]	1
.[5	2
.[51]	3
.[52]	3
.[52][75	1
.[53]	1
.[54]	1
.[54][55]	1
.[55]	2
.[56]	4
.[57]	3
.[58]	2
.[59]	4
.[5][6	1
.[5][6][	1
.[5][8	1
.[6	1
.[60]	1
.[61]	2
.[62]	2
.[63]	3
.[64]	4
.[65]	2
.[66]	2
.[67	1
.[68	2
.[69]	1
.[6][	1
.[7	1
.[70]	2
.[72]	1
.[73]	3
.[74]	2
.[76]	1
.[77]	2
.[78]	2
.[79]	1
.[8	1
.[80]	2
.[81]	2
.[82	3
.[83]	1
.[84]	3
.[85]	2
.[86	2
.[87	2
.[88	1
.[89	3
.[8][9	1
.[9	2
.[90	1
.[91	2
.[92	2
.[93]	2
.[94	2
.[95	1
.[96]	2
.[96][97]	1
.[97][98][99]	1
.[98]	1
.[99]	1
.[citation	4
.dig(	1
.e	2
.format(	1
.g	3
.grep_v(	1
.jl	1
.method(argument	1
.method(instance	1
.org	1
.rb	2
.ruby	1
/	9
//	9
/1987	1
/value	1
/ˈdʒæɡjuː.ər/	1
0	3
0,	1
0.95	2
0]	1
0–97	1
1	11
1,000	3
1,200	1
1.0,	1
1.0:	1
1.12	1
1.2	1
1.4	2
1.5	2
1.5-litre	1
1.6	1
1.8	5
1.85	1
1.8[edit	1
1.9	5
1.9.3	2
1.9[edit	1
10	2
10,000-some	1
10.0	1
100	6
1000	1
10x	1
10–20	1
11	3
11,500	1
110	1
110–130	1
1110	1
118	1
12	1
12-cylinder	1
120	3
123	1
1243	1
124–211	1
125	4
125–180	1
12–15	1
13/14	1
1300	1
135	1
136	1
140	2
1400	1
148	1
15	3
15,000	3
150	2
1544	1
1556	1
158	1
16	2
160	2
1600	2
16th	2
172	1
1799.[83]	1
17th	1
18	4
180	1
1800	1
1814	1
1826	1
1837	1
1843	1
1847	1
1860	2
1877	1
1890	1
190	2
1903	1
1907	1
1910	1
1922	2
1928	1
1930	2
1934	1
1935	1
1935–1949	1
1935–19552½	1
1937–1948	1
1939	1
1940	2
1945	2
1948	3
1948–1951	1
1948–1954	1
1948–54)	1
1949[67	1
1950	1
1950s	6
1951	5
1951–1953	1
1951–1957	1
1953	2
1954	1
1954-7	1
1954–1957	2
1955	3
1955–1959	1
1956	4
1957	2
1957.	1
1957–1959	1
1957–1961	1
1957–61	1
1958	2
1959	1
1959–1961	1
1959–1967	1
1960	6
1960[21]	1
1961	3
1961-75	1
1961–1966	1
1961–1974	1
1963	3
1963–1968	1
1965	1
1966	6
1966–1968	2
1966–1970	1
1967	3
1968	6
1968–1987	1
1968–1992	1
1969	2
1970	2
1972	1
1972–1992	1
1973	2
1975	2
1975–1996	1
1979	1
1980	1
1980s	2
1982	1
1984	4
1985	2
1986	3
1987	1
1988	3
1989	2
1989[30]	1
1990	5
1990s	2
1991	2
1992	3
1992–1994	1
1993	2
1993–1994	1
1995	4
1995–1997	1
1996	4
1996[15	1
1997	8
1997–2003	1
1997–2006	1
1998	3
1998–2003	1
1999	8
1999–2008	1
1½	1
2	25
2"	6
2+2-seat	1
2,000	2
2-seat	1
2.	2
2.0	4
2.0.	1
2.0.0	1
2.0[edit	1
2.1	1
2.1.0	1
2.1.0,	1
2.1[edit	1
2.2	2
2.2-litre	2
2.2.0	2
2.2[edit	1
2.3	1
2.3.0	1
2.3[edit	1
2.4	4
2.4-Litre	1
2.4-litre	1
2.49	1
2.5	7
2.5-	1
2.5-litre	1
2.6	2
2.6+	1
2.7	1
2.7.[35]	1
2.[70]	1
20	4
200	3
200,000	1
200-pound	1
2000	13
2000s	1
2001	4
2001–2009	1
2002	2
2002–2003	1
2003	8
2004	9
2004–2007	1
2004—the	1
2005	4
2006	5
2006–2014	1
2007	10
2008	14
2008-2009	1
2008[34]	1
2008–present	1
2009	12
2009–date	1
201	1
2010	7
2011	12
2011.[28	1
2011[25	1
2012	7
2012.[26]	1
2013	7
2013.[24]	1
2013.[34]	1
2013.[90	1
2013–present	1
2014	5
2014.[12][13	1
2014.[36]	1
2015	10
2016	7
2016(announced	1
20th	3
21	1
217	1
22	2
220	2
23	3
23.1	1
24	5
240	1
240/340	1
2400	1
2400-mi2	1
25	8
2500	1
26	2
26,000	1
276	1
28	1
280,000	1
289	1
28:18	1
298	2
2d	1
3	19
3,800	1
3.0	5
3.0,	4
3.0-litre	1
3.1	1
3.2.	1
3.3	1
3.4	1
3.4-litre	1
3.5	1
3.5-litre	3
3.5.[66]	1
3.7	2
3.8	2
3.8-litre	1
3.[53]	1
30	9
300	4
3000	1
3017	1
30170	1
30–50	1
31	2
313	1
32	1
322	1
326	1
3300	1
333[77]	1
34	1
340	1
348	1
349	1
350	1
36	1
360	1
37	1
37-day	1
370	1
380	3
385	2
3:15	1
3D	1
3]	1
3d	1
3ds	1
3ftx	1
3½	2
3½-litre	1
4	2
4,000-km2	1
4.0	1
4.2	1
4.4	2
4.62	1
4.7	1
4.8	1
40	1
40,000	1
40.63-carat	1
400	3
404	1
410	3
420	4
420G	1
420g	1
45	3
450	1
465–550	1
48.5	1
49	1
4d	1
5	2
5**3	1
5,300	1
5-litre	1
5.0	2
5.0-litre	1
50	2
503.57	1
50–60	2
510	3
510,000	1
512,925	1
522	1
53.5	1
542	2
55	1
550	4
56	1
56–96	1
6	1
6-cylinder	1
6.1	1
60	4
600–1,000	1
621	1
63	1
64	1
660	1
694	1
694-nanometer	1
694.3	1
6–17	1
7	8
7.0	1
7.5	1
7.6	1
70	1
705.79	1
72,000	2
75	2
76	1
78	1
8	1
8.24	1
800	1
838,232	1
849	1
87	1
9**0.5	1
9.0	1
90	1
900	3
93–105	1
95	1
:	73
:10	1
::application	1
:HMAC	1
:[13]	1
:[25	1
:[32	1
:[43]	1
:[58]	2
:[67	1
:ftp	1
:name	1
:social	1
:step]	1
:stop	2
:wikipedia	1
;	57
;[32	1
;[35]	1
<	5
=	45
='	1
={	1
?	3
@	2
ABC	3
AG	1
AGFD	2
AJ126	1
AJ133	1
AJ6	1
API	4
APIs	1
Abaqus	1
Act	3
Active	1
Ada	1
Addition	1
Administration	2
Afghanistan	1
Africa	1
Agency	1
Aires	1
Al2O3	2
Alchemy	1
Alex	1
Allesley	1
Amazon	6
Amazonas	1
America	14
American	2
Americas	6
AmigaOS	1
Amoeba	1
Anaconda	1
Andes	1
Anthony	1
Apache	1
Apollo	1
App	1
Appendix	1
Apple	1
Application	1
April	1
ArcGIS.[111]	1
Archive	1
Argentina	5
Arizona	21
Arms	1
Army	1
Array#dig	1
Art	2
Arthur	1
Asia	4
Assembly	1
Assignment	1
Association	1
Asterisms	1
Aston	2
Astropy	1
August	4
Auguste	1
Austin	1
Australia	3
Auto	1
Automotive	1
Aztec	1
Aztec.	1
Aztecs	1
B	3
B'	1
BC	2
BDFL	1
BMC	5
BMC)	2
BMH	2
BMH)	1
BSA	1
BSD	1
BaF2	1
Baily	1
Bamford	1
Banisteriopsis	1
Basin	3
Bauer	1
Baz	2
Beautiful	1
Beechey	1
Belize	6
Bell	2
Bering	2
Beringia	1
Bertone	1
Bill	3
BioPython	1
Biological	3
Biology	1
Biosphere	4
Birmingham	2
Black	1
Blackpool	2
Blender	1
Board	1
Body	1
Boidae	2
Bolivia	2
Bonneville	1
Boo	2
Bottle	1
Boulenger	1
Brazil	7
Bridge	1
Bridgend	1
Britain	1
British	7
Bromwich	6
Browns	5
Brundle	1
Buck	1
Buenos	1
BuildBot	1
Bull	2
Burma	4
Burmese	1
Bush	2
C	24
C"	1
C#	2
C++	7
C++"	1
C.	2
C89	1
CEO	1
CERN	1
CO2	1
CPython	11
CWI	1
Cabo	1
Cabot	1
Cahuilla	1
California	4
Callum	1
Cambodia	1
Cameron	2
Canyon	1
Caparo	1
Capital	2
Car	2
Carlo	1
Carmen	1
Carolina	2
Cars	8
Castle	6
Center	4
Central	9
Centre	2
Cerberus	1
Chaco	1
Chairman	2
Chamela-Cuixmala	1
Championship	3
Charles	2
Chase	1
Chavín	1
Chavín—developed	1
Chiapas	2
Child	1
China	3
Christie	1
Christmas	4
Chrysler	1
Cinema	1
Circus	2
Citigroup	1
City	1
Claude	1
Co	1
Coast	1
Coastal	1
Coat	1
Cobra	3
Cochise	2
Cockscomb	3
CoffeeScript	1
Collection	1
Colombia	4
Color	3
Colorado	1
Colored	1
Columbia	1
Combat	1
Committee	2
Common	3
Community	1
Compact	2
Company	10
Compare	1
Comparison	1
Complete	1
Complex	1
Computer	1
Concept	1
Conservation	3
Contrary	1
Corporation	6
Costa	2
County	2
Coventry	9
Cr3+	3
Cruz	1
Cs	1
Cut	1
Cylindrophis	1
Cython	2
Czochralski	1
D	1
D.C.	2
DL	1
DNA	2
Daimler	10
Daimler-Benz	1
Dale	1
Dan	1
Day	2
Debugger	1
December	10
Decimal	1
Delgado	1
Department	3
Development	2
Development[edit	1
Diego	1
Diesel	1
Dietrich	1
Digest	1
Director	1
District	1
Diversity	3
Django	1
Douglas	1
Dropbox	1
E	2
E-Type	6
E.	1
E1A	1
East	2
Eastern	1
Ebelmen	1
Ecosse	1
Ecuador	2
Ecurie	1
Egan	2
Eiffel	1
Eizirik	1
El	5
Electric	1
Elizabeth	3
Emission	1
Endangered	4
Engine	4
Engineering	2
England	2
English	6
Enhancement	1
Erlang[134]	1
Escort	2
Esri	1
EuroSciPy	1
Europe	4
Eve	1
Exchange	2
Expressions[edit	1
F.C.	1
F1	2
FTSE	1
Far	1
February	8
Federal	1
Fedora	1
Feeding[edit	1
Ferret	1
Festival	1
First	1
Fish	4
Fisher	1
Flask	1
Flats	1
Florida	1
Flying	2
Foleshill	1
Foo	1
Ford	31
Forest	1
Formula	2
Fossil	2
Foundation	1
Fox	1
Fraction	1
Framework	1
Frankfurt	3
FreeBSD	1
FreeCAD	1
Freelander	3
Freil	1
French	2
Frimy	1
Fuore	1
GIMP	1
GNU	1
GPL	1
GPS	1
GServer	1
GTK	2
Game	3
Garrard	1
Gateway	1
Gaudin	1
Gaydon	2
Gemstone	1
General	1
Geneva	1
Gentoo	1
Geographical	2
George	2
Glenn	1
Goldman	2
Goodwood	1
Google	4
Gould	1
Government	2
Grace	2
Gran	1
Grand	2
Greek	2
Greenland	1
Groovy	1
Grosso	2
Group	5
Guatemala	4
Guiana	2
Guido	2
Gulf	1
Guyana	3
H	1
H.	4
HSBC	1
HTTP	1
Halewood	6
Hall	1
Harmonisation	1
Harriman	1
Hash	1
Hash#dig	1
Hashes	1
Haskell	2
Hassan	3
Hat	1
Hausel	1
Heynes	2
Hidalgo	1
History	2
Holbrook	1
Holbrooks	2
Holdings	4
Holdings[27]	1
Homeland	1
Honduras	2
Hotel	1
Houdini	1
Hsu	1
Hue	1
Hughes	2
Hunting	2
I	29
I4	1
ICGA	1
IDE	1
IDEs	1
IDLE	1
II	5
III	3
ILM	1
IO	1
IPython	1
ISO	1
IVs	1
IX	4
IX[citation	1
Ian	1
Illustration	1
Index	4
India	6
Indian	1
Indians	1
Industrial	1
Information-Technology	1
Ingenium	1
Integer	1
Interface	1
Intermediate	1
International	4
IronPython	2
Ishitsuka	3
Island—as	1
Italy	1
J.	1
J60	1
JCB	1
JIS	1
JISC	1
JP	2
Jacksonville	1
Jacques	1
Jaguar	165
Jaguars	13
January	7
Japan	5
Java	17
JavaScript	2
Jefe	3
Jefferson	1
Job	1
Johannes	1
John	2
Julia	2
July	3
June	6
Jython	1
Ka'an	1
Kachin	1
Keiju	2
Kenya	1
Knights	1
L	2
LLVM	1
LMHC)	1
Laboratories	2
Laboratory	1
Labs	2
Lanchester	1
Land	25
Lane	8
Langsdorff	1
Language	3
Lanka	1
Larco	1
Larson	1
Laser	1
Latin	3
Le	5
LeMans	2
Leaper	1
Leaping	1
Leatherback	1
Leyland	8
Liberty	1
Libraries[edit	1
License	2
Lightwave	1
Lima	1
Limited	8
Linux	4
Lisp	3
List	1
Litre	4
Lofty	1
London	4
Long	1
Los	1
Lotus	1
Ltd	1
Ltd.	1
Lyons	11
Lúcia	1
MAJOR.MINOR.PATC	1
MIME	1
MIRA	1
MK	1
Macedonia	1
Macho	4
Madagascar	1
Mahindra	4
Maiman	5
Main	3
Majesty	1
Major	1
Malibu	1
Mammal	1
Management	2
Mans	5
Manual	1
Manú	1
March	6
Mark	32
Martelli	1
Martin	3
Maser	1
Mateschitz	1
Mathematics	1
Mato	2
Matplotlib	1
Matsumoto	15
Max	1
May	5
Maya	6
Mayan	1
Mercurial	1
Merseyside	1
Mesoamerica	1
Mesoamerican	1
Methods[edit	1
Mexican	2
Mexico	19
Mexico/U.S.	1
Mexico—an	1
Middle	1
Milton	1
Milwaukee	1
Minister	1
Ministry	2
Missouri	1
Mk	2
Moche	2
Module#prepend	1
Modules	1
Mogok	2
Mohs	2
Mondeo	1
Mong	1
Montana	1
Monte	1
Montepuez	1
Monterey	1
Monty	5
Morgan	3
MotionBuilder	1
Motor	18
Motors	4
Motors[7	1
Motorsport	1
Mountains	5
Mozambique	1
Museum	3
Myanmar	5
NASA	1
NFL	1
NOP.	1
NSW	1
Namibia	1
Naming[edit	1
Namya	1
Nanhumbir	1
Nardo	1
Nasser	1
National	5
Native	1
Natural	2
Nature	1
Neofelis	1
Nepal	1
NetBSD	1
Netherlands	1
New	9
Nicaragua	2
Nick	1
Nokia	2
North	7
Northwest	1
November	1
NumPy	1
OCaml	1
OHC	2
OO	2
OS	1
Obama	1
Objective-C	1
October	4
Ohio	1
Old	5
Olmec—an	1
Olympic	1
Olympics	1
Onca	1
Open	1
OpenBSD	1
Operations	1
Orange	1
Organization	1
Osa	1
Owen	1
P.	10
PAG.	1
PEP	1
POLA	2
PS)	1
Pace	1
Pace"	1
Pacific	2
Package	2
Pailin	1
Paint	1
Pakistan	2
Palm	1
Palmengarten	1
Panama	2
Panels	1
Pantanal	6
Panthera	15
Paraguay	5
Paris	1
Park	4
Partners	2
Pascal	1
Paseo	1
Past	1
Peak	1
Peloncillo	1
Peninsula	2
Pennsylvania	2
Perl	9
Perl-influenced	1
Perl4	1
Perl5	1
Peru	7
Peter	1
Peugeot	1
Pi	1
Pima	1
Pink	1
Pirana	1
Plant	1
Plas	1
Platte	1
Pleistocene	4
Pocock	3
Portage	1
Portuguese	2
Precursor	2
Premier	1
Pressed	3
Prilep.	1
Prime	1
Prince	1
Prix	1
Pro	1
Proc#call	1
Programming	3
Project	1
Promotion	2
Proposal	1
Prototype	1
Proverbs	1
Provider	1
Psyco	1
Pumas	1
Pune	1
Pure	1
Py-	1
PyCall	1
PyCon	1
PyGTK	1
PyPI)	1
PyPy	4
PyQt	1
PyS60	1
Pygame	1
Pyinstaller	1
Pyjamas	2
Pylons	1
Pyramid	1
Pyrex	1
Python	166
Python[edit	1
Pythoneers	1
Pythonidae	1
Pythoninae	1
Pythonistas	1
Qt	1
Queen	2
RAF	1
RPython	1
RSR	1
Racing	2
Radford	1
Rails	1
Rake	1
Rally	1
Raspberry	1
Reconnaissance	1
Records	1
Red	6
Refuge	1
Reginald	1
Renaissance	1
Report	1
Republic	1
Research	4
Reserve	4
Reuters	1
Rhode	1
Rica	2
Ripplewood	1
Rita	2
River	4
Road	2
Roadster	2
Rods	1
Roman	2
Rootes	2
Rootes/Chrysler/Peugeot	1
Rossum	6
Rover	27
Ruby	82
Ruby"	1
Rufus	1
Runtime	1
Ryder	1
Ryton-on-Dunsmore	1
S-Type	3
S-Types	1
S.	10
S60	2
SD1	1
SDL	1
SS	4
SSC	1
SUV	1
SUV,	1
Sachs	1
Sage	3
Said	1
Saint-Tropez	2
Saloon	1
Saloons	1
Salt	1
Salvador	2
Samlout	1
San	1
Sanctuary	3
Sankt-Moritz	1
Sanskrit	2
Santa	3
Schawlow	1
Scheele	1
Scheme	1
SciPy	1
Scotland	1
Scottish	1
Scout	1
Scribus	1
Scripting	2
Security	2
September	7
Series	6
Server	1
Service	1
Seymour	1
Shadow	1
Shadows	2
Shop	1
Show	3
Sian	1
Sidecar	4
Silk	1
Sir	3
Skin	1
Smalltalk	2
Smithsonian	1
Social	1
Society	1
Socket	1
Softimage	1
Software	1
Sonora	2
South	12
Southeast	1
Southern	1
Southwestern	1
Sovereign	1
Space	2
SpamClass(	1
Spanish	1
Species	3
Speed	1
Spinel	1
Sports	2
Sportscar	1
Sportscars	2
Springs	1
Sri	1
Stackless	1
Staffordshire	1
Standard	6
Standard-Triumph	1
Standardization	1
Standards	2
Stanley	1
States	18
States–Mexico	1
Steel	4
Stefan	1
Stewart	1
Stimulated	1
Stock	2
Stonefield	1
Strait	1
Strategy	1
Successive	1
Sugar	2
Sul	1
Sunrise	2
Super-luxury	1
Supersport	1
Supply	2
Suriname	2
Suspension	1
Swallow	6
Swift	1
Switzerland	1
Sydney	1
Sylt	1
Symbian	2
Szczesny	3
TIOBE	3
TPG	1
TRG	1
TWR	3
Tajikistan	1
Tanzania	1
Tata	9
Taylor	1
Tcl[133]	1
Tech	1
Technical	1
Technology	2
Ted	1
Tehachapi	1
Temporary	1
Texas	5
Tezcatlipoca	1
Thailand	1
Thatcher	1
Theodore	3
Thomas	1
Thread#name	1
Thursday	1
Tom	1
Tornado	1
Touring	1
Townes	1
Toxins[edit	1
Track	1
Tracked	1
Trade	2
Transport	1
Triple-quoted	1
Tucson	5
Tupinambá	1
Tupi–Guarani	1
TurboGears	1
Twin	2
Type	3
U.S.	2
UK	3
UK,	1
US	2
US)	1
USA	4
USD	1
USFWS	2
USFWS)	1
Ubiquity	1
Ubuntu	1
Umbrella	1
Unicode	2
Union	2
Unite	1
United	19
University	2
Unix	1
Unix/C	1
Unladen	1
Upper	1
Uruguay	2
Use[edit	1
V	3
V12	1
V6	3
V8-power	1
VII	9
VIII	3
VIIM	1
Valley	1
Value	1
Van	4
Vanden	1
Vehicle	2
Venezuela	4
Verneuil	3
Version	1
Victories	1
Victory	1
Vietnam	1
Volvo	1
W.	1
WSGI	1
WWII	1
Waco	2
Walkinshaw	1
Wally	1
Walmsley	3
Walter	2
War	5
Warner	1
Warwick	1
Warwickshire	1
Waseges	1
Washington	2
Web	2
Web.	1
Webber	1
Western	1
White	1
Whitley	3
Wildlife	6
William	7
Windows	1
Windows-style	1
Wolverhampton	2
Worker	1
World	14
Wyoming	2
X	6
X-type	1
X301	1
X350	1
XE	5
XF	7
XF.	1
XFR	3
XFR-S	1
XFR.	1
XJ	12
XJ-S	3
XJ12	2
XJ220	2
XJ6	5
XJ6.[citation	1
XJR	6
XJR-14	1
XJR.	1
XJS	1
XK	18
XK-RS	1
XK120	4
XK6	1
XK8	1
XK8/XKR	1
XKR	5
XKR-S	1
XKSS	1
XO	1
Xingu	1
Yahoo!	1
Yukihiro	3
Zen	1
Zoo	3
Zope	1
[.	1
[0	1
[1	1
[18]	1
[42]	1
[58]	1
[58][59]	1
[69]	1
[71][page	1
[74]	1
[and	1
[edit	2
[it	1
\	1
]	142
_	1
__future_	1
a	597
a+b	1
a[	1
a[key]	1
a[start	2
abandon	1
ability	4
able	2
about	28
above	2
absence	2
absent	1
absorb	1
absorption	1
abundant	1
academic	2
accelerate	1
accept	6
acceptable	1
access	2
accident	2
accompany	1
accord	3
accurately	1
achieve	5
achievement	1
acid	2
acknowledgement	1
acquire	5
acre	1
across	8
act	2
action	1
active	3
activity	3
actual	1
ad	1
adapt	1
adaptation	3
add	16
add-on	1
addition	3
additional	5
additionally	1
additive	1
address	1
adept	1
adequate	1
adjoin	2
adjust	1
administration	1
admirer	1
adopt	5
adoption	2
adult	7
advance	1
advanced	1
advantage	5
advantageous	1
advertise	1
advise	2
affect	3
african	1
after	28
afterwards	1
again	1
against	1
age	3
agency	1
aggression	1
aggressive	1
aggressively	1
ago	5
agree	4
ahead	1
aid	1
aim	1
aircraft	4
airfield	1
aj-v6	1
aj-v8	1
aj16	1
ajax-based	1
ajd-v6	1
albino	2
algebra	1
all	39
all-terrain	1
all-wheel	1
allele	1
allocate	5
allow	17
almost	3
alone	1
along	13
alongside	1
alpha	1
already	5
also	60
alter	1
alteration	1
alternative	3
although	16
alum	1
alumina	1
aluminium	7
aluminous	1
aluminum3+	1
always	6
amazonian	2
ambush	2
ambushing	2
american	8
ammonia	1
among	7
amongst	2
amount	1
amplification	1
anaconda	1
analogous	1
analysis	3
ancestor	5
ancestry	1
ancient	2
and	659
andean	1
anecdotally	1
anecdotally[44]	1
animal	30
animation	1
announce	13
announcement	1
annual	1
anonymous	2
another	7
antelope	1
any	15
apart	2
apex	4
aphorism	1
apparently	1
appeal	1
appear	10
appearance	3
application	12
apply	5
appointee	1
approach	4
approximately	3
apus	1
arbitrary	5
architecture	2
area	15
argentinian	1
argument	2
arid	1
arise	2
arithmetic	3
arizonan	1
arizonensis	1
arm	1
armadillo	1
armor	1
armored	3
armoured	1
around	14
arrangement	2
array	1
arrest	1
arrive	1
art	3
artefact	1
article	5
artificial	4
artist	1
as	232
asian	3
aside	2
aspect	2
aspect-oriented	1
asphyxiation	1
assemble	2
assembly	7
assert	1
assignment	5
assist	1
associate	6
association	2
assume	1
asterism	1
astonishment	2
at	84
atmosphere	1
atrox	1
attach	3
attached	1
attack	7
attempt	3
attract	1
auction	3
augusta	3
auspices	2
austin-morris	2
author	2
authority	2
auto-completion	1
automatic	2
automatically	2
automation	1
automobile	1
availability	1
available	14
average	4
avoid	5
avoidance	1
award	5
awareness	1
away	2
axle	1
aztec	2
b	16
b'	1
b'alam	1
back	9
background	1
backport	1
backslash	2
backward	1
backward-curving	1
backwards-compatible	1
backwards-incompatible	2
bala	1
ban	1
band	1
banker	1
banknote	1
bar	2
barely	1
barrier	3
basal	1
base	16
basic	1
basin	2
bask	1
bathurst	1
be	899
beach	1
bear	3
beat	1
because	13
become	25
bed	1
befit	1
before	15
begin	8
behave	1
behavior	10
behavioral	1
behead	1
being	2
belief	1
believe	3
belize	1
belong	2
beneath	2
benefit	1
benevolent	2
best	4
beta	1
better	5
better-developed	1
between	28
beyond	1
bhp	2
bid	1
bidder	1
big	8
bigger	2
bill	1
billion	2
bind	5
binding	2
bioregion	1
bird	1
birth	4
birthstone	2
bit	1
bite	9
black	7
blender	1
blind	2
block	16
blood	3
blood"	1
blood-red	2
blue	4
boa	3
board	1
body	11
bodyshell	2
boid	1
bomber	1
bone	2
book	4
boolean	2
boost	1
bootheel	1
boracic	1
border	4
boric	1
borrow	2
both	19
bottom	2
bout	1
brace	2
brain	2
brake	2
branch	1
brand	7
brazilian	3
break	3
breakthrough	2
breathe	1
breed	5
bridge	1
brightest	1
bring	4
british	13
broad	1
broader	2
browser-based	2
bubble	2
bug	4
bugfix	6
build	14
building	1
built-in	2
bull	1
bundle	1
burn	1
bus	2
business	3
businessman	1
but	55
buy	6
buyer	3
by	165
byte	1
bytecode	3
c	5
c++	1
c-derived	1
c-level	1
c-type	3
c-x16	2
c-x17	3
c-x75	1
c-xf	1
c.	3
caapus	1
cabochon	1
cabriolet/convertible	1
cabriolet[60]	2
caenophidian	1
caiman	2
calakmul	1
calcium	1
calculus	1
call	21
callcc	1
camera	1
camouflage	2
camshaft	1
can	45
cancel	1
canine	2
cannot	5
cantankerous	1
cap	1
capability	1
capable	3
capacity	1
capellum	1
capital	1
captive	2
captivity	4
captivity[edit	1
capture	2
capybara	2
car	53
carat	4
carcass	2
cardiac	1
care	1
carmaker	1
carnassial	1
carnivore	1
carnivorous	1
carry	4
carve	1
cascading	1
case	8
cat	42
catch	4
cater	1
cattle	2
cause	7
caution	1
cavity	1
cease	4
cedilla	1
central	5
centrali	1
centre	8
century	6
ceramic	2
certain	4
cervical	1
chain	3
chairman	2
championship	1
change	16
changes—though	1
character	3
characteristic	4
charcoal	1
chase	1
chat	1
chatoyancy	1
check	2
checking	1
chemical	1
chest	1
choice	4
choose	3
chrome	1
chromium	3
chromium3+	1
cite	4
city	1
civilization	2
claim	3
clarity	3
class	20
classic	2
classify	1
clause	1
clean	1
clean-up	1
clear	6
clearance	1
clever	1
client-side	1
climb	1
clinal	1
clockwork	1
close	7
closely	9
closer	2
closest	1
closure	1
clouded	3
club	1
cm	2
coast	1
coastal	1
coat	5
code	29
coil	2
coincide	1
collaborate	1
collaboration	1
colleague	2
collect	1
collection	3
collector	3
colombian	2
colony	1
color	23
color.the	1
coloration	1
colored	4
coloured	1
combination	3
combinatorial	1
combinatoric	1
combine	4
come	15
comfort	1
comfortable	1
command	4
commence	1
comment	1
commentator	1
commercial	1
commission	1
common	15
commonly	6
communication	3
community	5
community-backed	1
community-based	1
comp.lang	1
compact	4
companion	1
company	24
comparative	1
compare	9
comparison	5
compatible	4
compete	1
competition	3
competitor	1
compile	9
compiler	5
complement	1
complete	5
completely	6
completion	1
complex	4
complexity	1
compliant[82	1
complicate	1
complication	1
compliment	1
component	5
compositor	1
comprehension	6
comprehensive	2
comprising	1
compromising	1
computer	6
computing	2
conceive	5
concept	10
concept[edit	1
conception	1
concern	5
conclude	1
conclusive	1
concurrent	1
condition	3
conditional	4
conditionally	1
conduct	2
conference	2
confidential	1
configuration	3
confirm	7
conflict	2
conform	1
confuse	3
confusion	2
conjunction	1
connect	4
connected	1
connection	1
connectivity	1
conquering	1
consequently	1
conservation	6
consider	11
considerable	1
considerably	3
consideration	1
consist	1
consistency	1
consistent	2
consistently	1
consortium	1
constant	2
constituent	1
constraint	1
constrict	1
constriction	3
construct	3
construction	3
consume	3
consumption	2
contain	6
container	1
contemporaneous	1
contemporary	6
context	2
continent	1
continuation	1
continue	5
continuous	1
contract[38][39]	1
contraction	1
contrast	4
contribute	2
control	5
controversy	1
convention	2
conventional	1
convert	1
convertible	2
cool	1
coordinate	1
copper	1
copy	4
coral	1
core	7
coroutine	1
coroutine-like	1
corporation	1
corundum	6
cost	6
cougar	6
cough	1
could	6
count	1
counter-calling	1
counterpart	1
counting	1
country	5
county	1
coupé	8
course	2
court	2
courtship	1
cousin	1
cover	9
coworker	1
cpython	2
cracid	1
crack	2
crawl	1
create	8
creative	1
creator	2
creature	2
credit	2
crepuscular	1
crest	1
criterion	1
critic	1
critical	4
critically	1
criticism	2
cross	2
cross-compile	1
cross-flow	1
cross-platform	2
crossing	1
crossover	3
crush	1
crystal	3
crystallographic	1
ct	1
cub	4
cue	1
cult	1
cultural	1
culture	13
curly	2
current	7
currently	3
curve	1
customer	1
customization	1
cut	7
cycle	2
cycle-detecting	2
cylinder	1
d-type	5
daily	2
danger	1
dangerous	1
dappled	1
darker	2
database	3
date	3
datum	7
dawn	1
day	6
day-to-day	1
de-merge	1
dead	1
deal	4
dealership	1
death	3
debate	1
debugging	1
debut	1
decide	5
deciduous	1
decimal	3
decimate	1
decision	2
declare	3
decline	4
decrease	3
deem	1
deep	1
deeply	1
deer	3
def	1
default	3
define	4
definite	1
definition	1
definitive	1
deforestation	1
deform	1
degree	4
deity	1
del	1
delay	1
deliberate	1
delimit	2
delineation	1
deliver	1
delivery	2
demand	2
demolish	2
demonstrate	3
den	2
denote	2
dense	4
density	1
department	1
departure	1
dependent	1
deposit	5
deprecated	2
derivative	1
derive	4
descend	2
descendant	1
describe	10
description	2
design	38
design-by-contract	1
designate	1
designation	1
designer	2
desire	2
desktop	1
despite	1
destine	1
detail	2
detailed	2
determination	1
determine	7
develop	13
developer	5
development	23
device	2
dew98	1
df.predict_sense_ids	1
diamond	9
dictator	2
dictionary	5
did_you_mean	1
die	1
diegueño	1
diesel	4
diet	4
dietary	1
differ	1
difference	1
different	8
differentiation	1
differently	2
difficult	5
difficulty	2
digest	1
diligence	1
dip	1
direct	2
direction	2
directly	6
discontinuation	2
discourage	1
discover	1
discuss	1
discussion	3
dish	1
disk	1
dislocate	1
display	3
disqualify	1
disseminate	1
dissolve	1
distance	1
distinct	1
distinction	5
distinctive	1
distinguish	3
distribute	1
distribution	7
district	1
diverse	1
diversity	2
divide	2
division	16
dna	1
do	25
document	8
documentation	3
dog	3
dohc	1
domain-specific	1
dome	1
domestic	2
dominant	1
donate	1
dopant	1
dormant	1
dot	2
double	3
doubt	1
down	3
down-regulated	1
downtown	1
downward	1
draft	1
drag	5
dramatically	2
drawing	1
drier	1
drink	1
drive	4
driving	1
drop	4
drophead	1
dry	2
dual-licensed	2
duck	2
due	6
duplication	1
during	21
dusk	1
dwindle	1
dynamic	7
dynamically	2
e	3
e-mail	1
e-type	7
e.g	6
e.g.	3
e2	1
each	8
ear	2
earlier	3
early	17
ease	1
easily	3
eastern	1
easy-to-use	1
eat	6
ecmascript	1
ecological	1
ecologist	1
ecology	1
ecosystem	2
ecotourism	1
educate	1
effect	10
effective	3
effectively	3
effort	1
egg	9
eggs=2"	1
eggsclass(	1
eight	4
eight-cylinder	1
either	5
ejaculatory	1
el	1
elan	1
elderly	1
elect	1
electrical	1
electromagnetic	1
elegantly	1
element	8
elevation	1
elif	1
eliminate	2
elimination	1
elite	1
else	4
else-if	1
elusive	1
embed	4
embody	1
embryo	1
emerald	1
emergence	1
emission	4
emit	1
emphasis	1
emphasize	2
empirical	1
employ	6
employee	2
empty	2
emulate	1
enable	2
enclose	1
encoding	1
encompass	3
encounter	1
encouragingly	1
encroachment	1
end	9
endanger	3
endorsement	1
energetic	1
energy	2
enforce	1
engine	40
engineer	3
engineering	3
engines[16]	1
engine—inline-6	2
engine—v12	1
engine—v6	2
engine—v8	1
english-language	2
english-speaking	1
enhanced	1
enhancement	2
enjoy	3
enlarged	1
enough	1
ensure	2
enter	2
enthusiast	1
entire	1
entirely	2
entry	1
enumerable	1
environment	6
environments[edit	1
epitomise	2
epoch	1
equal	2
equality	2
equals(	1
equation	3
equip	2
equity	2
era	3
eradicate	2
erratic	1
error	2
escape	2
especially	3
espouse	1
essential	4
essentially	1
establish	2
esteem	1
estimate	5
estrus	1
etc	2
etch	1
etymology	1
etymology[9]—it	1
european	3
euthanize	1
eval(	1
evaluate	5
evaluation	2
even	9
ever	4
every	5
everyone	1
evidence	8
evolution	1
evolve	1
exact	1
examination	1
example	21
excavator	1
excellence	1
excellent	1
except	2
exception	5
exceptional	2
exceptionally	2
exchange	2
exclusively	1
exec	1
exec(	1
executable	1
execute	5
execution	2
executive	8
exercise	1
exert	1
exhaust	2
exhibit	1
exhibition	1
exist	3
exit	1
exotic	1
expand	2
expansion	1
expect	6
expend	1
expense	1
expensive	4
experience	2
experienced	1
experienced—are	1
experimental	1
expert	1
explain	1
explanation	1
explicit	2
exploit	2
explorer	1
exponentiation	2
expose	1
express	4
expression	23
extant	3
extend	8
extensible	2
extension	3
extensive	3
extensively	1
exterior	2
external	1
extinct	3
extinction	2
extirpate	1
extract	1
extreme	1
extremely	3
exuberant	1
eye	2
eye-catching	1
f	1
f-pace	2
f-pace[68	1
f-type	10
f1	1
facelift	1
facilitate	3
facility	7
fact	3
factor	4
factory	8
fail	3
failure	1
fall	1
falsely	1
familiar	3
family	8
famine	1
famous	3
fan	2
far	5
farmer	1
farther	4
fast	3
faster	1
fastest	3
fatal	1
favor	3
favourable	1
feature	25
feature[123]	1
fece	1
federal	3
federation	1
feed	2
feeding	1
felid	3
feline	7
female	18
fence	1
ferocity	1
fertility	1
fettling	1
few	8
fewer	3
field	2
fifth	1
fight	1
figurine	1
file	1
fill	4
filler	1
filling	1
filter(	1
final	5
finally	1
finance	1
financial	2
find	26
finely	1
finest	4
finish	1
finite	1
fire	3
fire-watching	1
firm	2
first	37
first-class	1
first-ever	1
firstly	2
fish	1
fit	2
five	3
fix	4
fixed-precision	1
fixture	1
flag	1
flame	2
flat	1
float	3
floating-point	2
flood	2
floor	1
flow	3
flow[edit	1
fluency	1
fluoride	1
flux	1
focus	7
foil	1
folk	1
follow	22
following	1
foo	3
food	5
for	202
for-loop	1
forbid	1
force	5
foreign	1
forerunner	1
forest	9
forested	2
fork	1
form	17
formally	1
format	4
format(	1
former	4
formerly	2
forth	1
fortune	1
forum	1
fossil	4
found	2
foundation	1
founder	1
four	11
four-cylinder	1
four-seat	1
four-seater	1
four-wheel-drive	1
fourth	2
fraction	2
fracture	5
fragmentation	2
framework	5
franchise	1
free	1
freely	1
freeze	1
french	1
frenic	1
frequency	2
frequent	1
frequently	5
frog	1
from	114
front	2
frustration	1
ft	2
fuel	1
full	2
full-size	1
full-time	2
fully	4
fun	2
function	20
functional	5
functionality	5
functool	1
fund	1
fundamental	1
furnace	1
furnace—which	1
further	5
furthermore	2
fuse	3
fusion	2
future	4
g	1
g/km	1
gain	2
game	4
garbage	5
garnet	2
gas	1
gather	1
gbp	1
gem	9
gem-quality	1
gemological	3
gemologist	1
gemstone	12
gemstone-quality	1
gene	4
general	5
general-purpose	2
generalist	1
generally	9
generation	8
generator	9
generic	1
genetic	1
genuine	1
genus	5
geographic	2
geographical	2
geologist	1
gestation	1
give	13
gland	1
glass	5
glass-powder	1
go	6
goal	3
gold	2
goldmanus	1
gombaszoegensis	1
good	5
government	5
grade	1
grammar	1
grammatical	1
grand	1
granivorous	1
graphical	2
grasp	2
grassland	2
gravel	1
graze	2
great	3
greatest	2
green	3
ground-based	1
group	7
grow	2
growth	1
grunt	1
gt2	1
guide	1
guilty	1
habitat	20
hacker	1
half	1
half-open	1
halfway	1
hamper	1
hand	2
handle	2
handling	5
happen	1
happy	1
harder	1
hardness	5
harness	1
hatch	1
haul	1
have	198
he	28
head	7
headquarter	1
headquarters	2
headwater	1
healing	1
healthy	1
heart	1
heart-shaped	1
heat	11
heat-treated	1
heating	4
heavier	2
heaviest	1
heifer	1
heir	1
heist	1
help	2
hemi-head	1
hemispherical	1
hence	3
herbivorous	2
herd	1
here	1
heritage	1
hernandesii	1
heterozygote	1
high	9
high-level	2
high-performance	1
higher-order	1
highest	3
highlighting	1
highly	5
himself	1
hire	3
historic	6
historical	3
historically	3
history	2
hold	3
holder	1
holding	2
home	4
homepage	1
hope	1
horse	4
horsepower	3
hosting	1
hotspot	2
hour	3
house	2
household	1
how	2
however	27
hp	9
hue	11
huge	2
human	13
human-altered	1
hunt	10
hunter	5
hunting	3
hurricane	1
hybrid	2
hybrid-electric	1
hydraulic	1
hydrogen	1
hydrothermal	1
hypothesis	3
hypothesize	1
i	2
i54	1
ice	2
iconic	1
idea	1
identically	1
identify	1
identity	1
ides	1
idiom	1
if	17
iguanian	1
illuminate	1
image	3
imitation	4
immediate	1
immediately	2
immobilize	1
immutable	3
imperative	3
imperfection	4
implement	7
implementation	14
implementations[edit	1
implicit	3
import	4
important	9
impressive	1
improve	8
improvement	3
impurity	3
in	637
in-house	1
inaccessibility	2
incident	1
incline	1
include	67
inclusion	8
incompatibility	1
inconclusive	1
incorporate	3
incorporated	1
increase	20
increment	4
incremental	1
incubate	1
incubation	1
indeed	2
indentation	6
indentation[edit	1
independence	2
independent	4
index	7
indian	1
indicate	3
indicated	1
indigenous	2
indirectly	1
individual	8
induce	1
industrial	1
industry	2
industry-first	1
infanticide	1
infinity	2
infix	1
inflate	1
influence	5
influential	1
informally	1
information	4
infrequently—for	1
inhabit	1
inherit	2
inheritance	1
initially	4
inkscape	1
inlet	2
input	2
inside	2
inspire	4
install	1
installation	4
installer	3
instance	8
instead	6
insufficient	1
int	2
intact	1
integer	6
integrate	3
integrated	2
integration	2
integrity	2
intellectual	1
intelligence	1
intend	9
intended	1
intensify	1
intensity	1
intensive	1
intention	1
interconnect	1
interest	4
interestingly	1
interface	4
interfacing	1
interfere	1
interior	1
intermediate	1
internal	1
international	5
internet-facing	1
interpolation	1
interpret	2
interpreter	11
interval	2
interview	1
into	23
introduce	13
introduction	5
intrusion	1
invent	1
investigator	1
investment	1
involve	5
ion	3
ipv6	1
irreverent	1
iso/iec	1
issue	6
it	143
ita.[105	1
italian	1
item	1
iterable	1
iterate	1
iterator	3
itertool	1
its	88
itself	8
iucn)	1
jag-ew-ər	1
jaguar	175
japanese	5
japanese-language	2
jaw	4
jemalloc.	1
jeweler	1
jewellery	1
jewelry	3
job	1
join	2
joint	1
jostle	1
journalist	1
jungle	1
just	5
just-in-time	3
jyjulia	1
keep	5
key	5
keynes-based	1
keystone	4
keyword	4
kg	19
kgf	2
kidney	1
kill	14
killing	1
kilogram	5
kilometer	1
kind	4
kingdom	1
kitten	1
km	2
km/h	7
km2	5
km²	2
know	19
knowledge	1
knowledgeable	1
known	1
kumeyaay	1
kw	11
l"	1
l'once	1
label	1
laboratory	2
labour	1
lack	3
lag	1
lambda	3
land	3
landscape	3
language	85
laptop	1
large	34
largely	4
larger	17
largest	8
laser	8
last	10
late	10
lately	1
later	20
latest	1
latter	4
launch	8
lay	5
layout	1
lazy	2
lb	24
lbf	2
lead	6
lead-containing	1
leap	3
learn	2
lease	1
least	8
leave	9
lectin	1
left	1
left-hand	1
leg	1
legal	2
legendary	1
legroom	1
length	2
leopard	17
less	6
less-cluttered	1
let	1
letter	1
level	3
lib/complex	1
lib/rational	1
library	21
libreoffice	1
license	1
lie	2
life	4
lifespan	1
light	11
light-pumped	1
lighter	3
lightweight	2
like	22
likely	4
limb	2
limit	4
limited	1
limo-green	1
limousine	1
line	7
line-up	1
lineage	1
link	1
lion	8
lioness	1
lisp.[12]	1
list	23
listen	1
listing	2
literal	5
literature	3
litre	3
little	3
live	8
livestock	3
living	1
lizard	2
loan	1
local	7
locate	5
location	3
lock	2
logger	1
logic	1
long	6
long-term	1
long-wheelbase	1
longer	3
longest-lived	1
longevity	1
lonza	1
look	3
lorry	1
lose	4
loss	2
loupe	1
low	9
low-cost	1
low-volume	1
lower	2
luminescence	1
lung	1
luster	1
luxurious	2
luxury	5
lwb	1
lyncea	1
lynx	1
m	3
macedonian	2
machine	10
machine-supported	1
macro	1
magazine	2
magic	1
magnification	1
magnitude	1
mail	2
mailing	4
main	6
mainland	1
mainly	4
mainstay	1
maintain	7
maintenance	1
major	11
majority	1
make	29
male	19
mammal	3
manage	2
management	5
manager	2
mandibular	1
maniac	1
manipulate	1
manipulation	2
manner	1
mantra	2
manually	1
manufacture	6
manufacturer	7
manufacturing	2
many	30
map	1
map(	1
mapper	1
marble	1
marginal	1
mark	8
market	7
marque	2
mascot	2
maser	1
mask	1
massively	1
master	1
match	4
mate	4
material	6
math-related	1
mathematical	1
mathematics	4
mating	2
matrix	2
matter	1
maturity	1
matz	1
maxillary	1
maximum	1
may	47
mayan	2
mean	10
meaning	2
means	1
measure	3
measuring	1
meat	3
mechanical	2
mechanism	3
medium	2
medium-dark	1
meet	2
meeting	2
melanism	2
melanistic	5
member	3
memory	9
mentoring	1
merge	5
merger	2
message	1
metaclass	1
metadatum	1
metal	1
metallurgical	1
metaprogramming	1
metaprogramming[36]	1
metasyntactic	1
method	17
methodology	1
mew	1
mexican	4
mi	2
mi2	1
microthread	1
mid-1960	1
mid-1965	1
mid-1980	1
mid-1990	1
mid-engined	1
mid-size	3
mid-sized	1
middle	1
midsection	1
mile	7
million	9
mindset	1
mine	3
mined	1
mineral	2
minimalist	1
minimize	2
minimum	1
mining	1
minor	2
minute	1
mirror	1
misgiving	1
mislead	1
missile	1
mistake	2
mitochondrial	1
mix	1
mixin	1
mixture	2
mks	1
ml.[42]	1
mobile	1
mod_wsgi	1
mode	1
model	31
modeler	1
modern	5
modification	1
modo	1
modular	2
module	13
moissanite	2
molurus	1
moment	1
money	1
monitor	2
monkey	1
monocoque	4
monocoque-chassis	1
montane	1
month	6
mood	1
more	40
moreover	1
morph	2
morphism	2
morphological	2
morphology	1
most	50
mostly	2
mother	4
mother–cub	1
motif	2
motionless	1
motivate	1
motor	1
motorcar	1
motorcycle	2
motoring	1
motorsport	3
motto	1
mount	1
mouse	1
move	12
mph	7
much	16
mucus-secreting	1
multi-core	1
multi-paradigm	1
multimedia	1
multinational	1
multiple	7
multiplication	2
multiply	1
multithreading	1
muscle	1
musical	1
must	7
mutable	1
mutation	2
muzzle	1
my	5
mythology	4
n	1
n900	1
naked	1
name	43
nameerror	1
namely	1
nameplate	1
namespace	1
namyazeik	1
nanometer	1
nape	1
national	3
nationalisation	1
nationalise	1
native	5
natural	9
naturally	3
nature	3
navigation	1
near	5
near-black	1
near-threatened	1
nearest	1
nearly	3
nebulosa	1
necessary	1
neck	4
necklace[27]	1
need	18
needle	3
needle-like	1
negative	7
neologism	1
nest	2
net	1
netlab.jp	1
network	2
neutralize	1
never	4
nevertheless	2
new	37
new-style	2
newsgroup	2
next	4
next-largest	1
niche	1
nickname	2
night	1
nil	1
nine	2
nm	2
no	12
noble	1
nobleman	1
nocturnal	1
nomadic	1
nomethoderror	1
non-4x4	1
non-critical	1
non-numerical	1
non-profit	1
noncourting	1
none	1
nonnative	1
nonpareil	1
nonvenomous	1
nor	1
normal	4
normally	2
north	6
northeastern	1
northern	7
northward	2
north–south	1
nose	1
not	56
notable	3
notably	2
notation	1
notch	1
note	4
noticeably	1
novice	1
now	19
nuke	1
number	26
numeric	4
numerical	2
numerous	5
n·m	1
o	9
o2−	1
oak	1
obj	1
obj&.foo&.bar	1
obj.foo	1
obj.foo.bar	1
object	21
object-oriented	14
objective-c	1
obligate	1
obscure	1
observe	4
observed	1
observer	1
obsolete	2
obvious	1
occasion	1
occasional	1
occasionally	1
occupy	2
occur	17
occurrence	1
octahedrally	1
octane	4
of	612
off	5
off-side	1
offer	9
office	1
official	8
officially	1
often	19
oils	1
old	3
old-fashioned	1
old-style	1
older	3
omit	2
on	125
onca	7
once	4
one	25
one—and	1
one—obvious	1
ongoing	1
online	1
only	26
onto	3
onward	1
onça	1
open	12
open-source	1
operand	2
operate	5
operating	4
operation	7
operationally	1
operator	15
opportunistic	2
oppose	1
opposite	1
optical	3
optimization	2
option	4
optional	4
or	84
orange	3
order	6
organization	3
orient	1
orientation	1
origin	6
original	1
originally	11
originate	4
ornament	1
other	46
otherwise	2
ought	1
ounce	1
out	8
outgrow	1
outlaw	1
outside	2
outstanding	1
oven	2
over	26
overall	1
overhead	1
overlap	1
overlap.[44][46]	1
overlapping	1
overshadow	1
overwhelm	1
oviparous	1
ovoviviparous	1
own	8
owner	5
ownership	4
oxide	2
oxidize	1
paca	1
package	5
painting	1
pair	3
palustri	1
pampas	1
panther	2
panthera	2
paradigm	3
paraguensis	1
parallel	1
parameter	2
parametric	1
parenthesis	1
parenting	1
part	24
partaking	1
partial	1
partially	2
particular	5
particularly	9
partly	2
party	2
pass	5
passenger	2
passive	1
past	4
paste	2
patch	3
path	3
paw	2
peak	1
peccary	1
peerless	1
pelt	2
pension	1
pent-up	1
people	4
pep	5
per	3
per-string	1
perceive	1
percent	7
perform	3
performance	7
performance-spec	1
period	5
permanent	2
permit	1
persist	1
personal	2
peruvian	1
peruviana	1
pet	1
petrol	4
philanthropist	1
philosophy	8
phone	1
photograph	6
photographed	1
photon	1
phrase	2
phylogenetic	1
physical	1
physically	1
physique	1
pick	1
piece	1
pierce	5
pigment	1
pilot	1
pink	9
piston	1
place	8
plan	5
planning	1
plant	29
plate	1
plateau	1
platform	6
platinum	1
play	1
playful	1
plead	1
pledge	1
pleistocene	1
plentiful	1
plenty	1
plug-in	1
poaching	1
podium	1
point	3
police	1
policy	3
polymorphism	1
pool	1
poor	2
popular	8
popularity	2
populate	1
population	19
port	1
portion	1
portray	1
position	5
positive	3
possibility	1
possible	6
possibly	2
post	1
post-war	2
post-wwii	1
potash	1
potassium	1
potential	1
potentially	1
pounce	2
pound-foot	1
powder	3
power	11
powerful	9
powerplant	2
practical	1
practice	4
pre-3.0	1
pre-columbian	2
pre-polish	1
pre-release	1
pre-war	3
precious	1
precision	5
predation	1
predator	10
predecessor	1
predict	1
predominantly	1
prefer	3
preferably	1
preference	1
preferred	3
prefix	3
premature	1
premium	3
prepare	1
presence	6
present	9
press	3
pressure	2
prestige	1
prestigious	1
presumably	2
pretty	1
prevent	1
preview	1
previous	2
previously	8
prey	32
price	6
primarily	4
primary	7
principal	3
principle	8
print	2
print(	1
printer	1
printf	1
prior	5
private	1
privatisation	1
privatisations[29]	1
probability	1
probably	1
probe	1
problem	5
procedural	1
procedure	1
process	16
processing	5
processor	1
produce	20
product	6
production	27
productive	2
productivity	2
profile	2
profit	2
program	16
programmable	2
programme	1
programmer	7
programming	30
progressively	1
prohibit	3
project	10
prolific	1
prominently	2
promising	1
promote	2
proper	1
properly	2
property	1
proportioned	1
propose	4
prosperity	1
protect	5
protected	1
protection	4
protocol	1
prototype	2
proudest	1
prove	2
proverb	1
provide	14
provision	1
provoke	1
pseudorandom	1
public	4
publication[edit	1
publish	3
pull	1
pulverize	1
punctuation	1
pundarikam	1
purchase	4
pure	4
purple	6
purplish-red	1
purpose	1
push	3
put	4
py2exe	1
py3k	1
pylady	1
pypy	1
pys60	1
python	32
python-based	1
python-dev	1
python-inspired	2
pythonanywhere	1
pythonic	2
pythonid	4
pythonist	1
python—especially	1
quality	6
quantity	1
quarter	1
quick	1
quickly	1
quieter	1
quite	3
quotation	4
r	6
r-coupé	1
r-d6	1
r5	1
race	12
racer	1
racing	4
radiation	1
radiator	1
radio-collared	2
raii-like	1
rail	1
rain	1
rainforest	3
raise	4
ranch	2
rancher	3
range	43
rank	3
rapidly	4
rare	4
rarely	2
rarely—as	1
raspberry	1
rate	3
rather	8
rating	2
rational	1
rationale	1
rave	1
raw	3
re-bind	1
re-emit	1
re-engineer	1
reach	2
reaction	1
read	1
readability	3
readable	1
ready	2
real	1
realised	1
really	2
rear	2
rear-wheel	1
reason	2
reasonable	2
rebrand	1
recapture	1
recede	2
receive	7
recent	10
recently	3
reception	1
recognisable	1
recognize	6
recommend	1
recommendation	1
reconnaissance	1
record	13
recorded	3
recount	1
recovery	3
red	24
reddish-brown	1
redesign	1
redevelop	1
reduce	4
reduce(	1
reduced	1
red—by	1
refer	6
reference	11
refine	1
reflect	4
reflection	2
reflective	1
regard	3
regardless	1
regexp	1
region	11
regular	3
regularly	4
regulate	2
reinforce	1
reject	3
relate	4
related	1
relation	1
relational	2
relationship	1
relative	4
relatively	5
release	38
release-candidate	1
releases[edit	1
reliability	1
reliable	1
relic	1
relocate	1
remain	9
remarkable	1
remove	5
rename	1
repair	1
repeat	1
repetitive	1
repl)	1
replace	8
replacement	2
report	10
reportedly	1
repository	3
represent	1
representation	1
representative	2
reproduction	1
reproduction[edit	1
reproductive	1
reptile	3
reptiles[3	1
reputation	1
require	6
require_relative	1
requirement	2
research	6
researcher	6
resemble	4
reservation	1
reserve	2
reside	1
resolution	1
resolve	1
respectively	1
respond	1
rest	1
restrain	1
restrict	1
restricted	1
result	9
retain	1
retention	1
reticulated	1
reticulatus	1
retire	1
retrieve	1
return	5
revamp	1
reveal	3
reverse	2
review	2
revise	2
rewrite	2
rib	1
rich	1
richer	1
richly	1
ride	2
right-hand	1
rights	1
rigidly	1
ring	2
riparian	1
rise	2
risk	2
risky	1
rival	1
river	2
road-legal	1
roam	1
roar	2
roaring[49][50]	1
robust	3
rock	1
role	4
root	1
rosette	4
rotated	1
rough	6
roughly	5
round	6
round(	2
round(-0.5	1
round(0.5	1
round-away-from-zero	1
round-to-even	1
rounder	1
rounding	1
roundup	1
rover-only	1
row	1
royal	2
rubellite	1
ruber	1
rubery	1
ruby	99
ruby-list	2
ruby-set	1
ruby-talk	3
ruffus	1
rugby	1
rule	3
ruler	2
run	14
running	1
runtime	1
rush	1
rutile	5
s-type	8
sacrifice	1
safe	1
safety	1
sale	13
saloon	20
saloon[60]	1
saloon[61]	1
same	9
sampling	1
sapphire	10
saturate	1
saturated	1
saturation	2
say	11
scabbard	1
scale	5
scanning	1
scant	1
scarlet	1
scene	2
scent	1
schedule	4
schist	1
science	1
scientific	3
scientist	2
scorewriter	1
scrape	1
scraping	1
script	8
scripting	3
sculpture	3
sea	2
search	2
season	4
seasonal	1
seasonally	1
seba	1
secluded	1
second	8
second-generation	1
secondary	4
secondly	1
seconds	3
secure	1
secured	1
security	4
sedan	1
see	13
seem	2
segment	1
selection	2
self	2
self-hosted	1
sell	9
sell-out	1
semantic	3
semantics	3
semen	1
sense	1
separate	5
sequence	1
sequentially	1
series	10
serve	3
server	1
service	1
session	2
set	10
setl)[31]	1
setting	1
seven	1
sever	1
several	20
sex	2
sexual	1
shades	3
shadow	2
shallow	1
shape	1
share	9
shared	2
shareholder	2
sharing	1
sharp	2
she	1
shed	1
shelf	1
shell	10
shift	1
ship	1
shiver"	1
shoot	2
shooting	1
short	6
short-lived	1
short-stroke	1
shortage	2
shorter	2
shortest	1
shortly	1
should	5
shoulder	2
show	16
showroom	1
side	1
sidecar	1
sight	6
sighting	3
sign	4
signal	1
significant	6
significantly	2
signify	2
silently	1
silhouette	1
silk	4
silk"	1
similar	14
similarity	2
similarly	3
simple	4
simplest	1
simply	1
simulant	1
simultaneously	1
since	23
single	5
single-board	1
single-light	1
site	11
situation	1
six	8
six-cylinder	3
six-point	1
size	12
skin	1
skip	1
skull	8
slave	1
slice	5
slightly	1
slogan	3
sloth	1
slow	1
slowly	1
small	12
smaller	13
smallest	1
smell	1
snake	6
snow	2
so	9
soccer	1
social	1
socialization	1
socket	1
sodium	1
software	11
solid	1
solid-state	1
solihull	3
solitary	2
solution	1
some	33
someone	3
something	5
sometime	1
sometimes	9
somewhere	1
source	5
south	8
southeast	1
southeastern	2
southern	8
southward	1
southwest	2
southwestern	1
space	1
spam	2
spam"	1
spam=	1
spam=blah	1
spam={	1
span	2
spaniard	1
sparser	1
spawn(	1
speak	1
speaker	1
speaking	1
special	3
specialise	1
specialising	1
specialized	1
species	47
species-wide	1
specific	2
specifically	1
specification	3
specify	1
specimen	3
spectral	1
spectrum	1
speculation	1
speed	9
speed-up	2
speedster	1
spend	1
spinel	4
spirit	1
spiritual	1
spite	1
spitfire	1
split	1
sport	16
sporting	1
sporty	1
spot	10
sqlalchemy	1
square	1
stability	1
stabilize	1
stable	3
stack	2
stackless	1
stage	1
stalk	2
stalk-and-ambush	2
stance	1
stand	1
stand-alone	1
standard	22
standardise	1
star	1
start	12
startle	1
startup	1
state	9
statement	26
static	2
status	4
stdlib	1
steal	1
steel	3
step	3
still	15
stimulate	1
stock	1
stockier	1
stocky	2
stomach	2
stone	15
stop	3
storage	3
story	1
str	1
straight	1
streamlined	1
strength	4
stress	1
stria	1
strict	1
stride	1
strike	1
string	15
strive	1
strong	1
strongly	6
structural	1
structurally	1
structure	7
structured	1
study	14
sturdier	2
sturdy	1
style	6
styling	3
stylise	1
subcontractor	1
subdivision	1
subfamily	1
subject	2
subjectiveness	1
submission	1
subsequent	2
subsequently	3
subset	1
subspecy	15
substance	1
substantial	1
substitute	1
subtraction	2
subtropical	1
succeed	1
success	5
successful	5
successfully	2
successor	4
such	50
sudden	1
suddenly	1
suffer	2
sufficient	3
sufficiently	1
suffix	2
suffocation	2
sugar	1
suggest	7
suit	1
suitable	1
suite	2
suitor	1
sum(df.gold_sense_ids	1
summarize	1
supercharge	2
supercharged	2
supercharger	1
supplement	1
supplier	1
supplies	1
supply	5
support	24
suppose	1
surface	2
surge	2
surprise	11
surprising	1
surround	2
survival	1
suspect	1
suspension	3
sustain	1
swallow	2
swamp	1
swap	1
swim	3
swipe	1
switch	2
symbol	5
symbolic	2
sympatric	2
syntactic	3
syntactically	1
syntax	17
synthetic	12
system	19
system(	1
tackle	1
tail	3
tail-call	1
take	18
talk	2
tall	1
tandem	1
tapir	2
target	2
task	3
tawny	1
taxonomic	2
taxonomy	1
team	10
technique	2
technological	1
technology	2
telemetry	1
television	1
temperature	8
temporal	1
ten	2
tend	2
tending	1
term	9
terminal	1
terrain	2
terrestrial	1
territorial	1
territory	8
tertiary	1
test	6
testing	5
text	3
textual	1
tgwu)-amicus[40]	1
than	56
that	111
the	1480
themselves	3
then	20
theory	1
there	28
therefore	3
these	18
they	87
thick	2
thicker	1
thicket	1
thing	1
think	4
third	9
third-largest	1
third-party	3
this	82
those	11
though	5
thousand	1
threat	2
threaten	1
threatened	2
three	20
three-day	1
three-finger	1
three-point	1
thrive	1
throat-bite	1
through	16
throughout	2
thus	10
tie-breaking	1
tiger	8
tigre	1
tigress	1
tile	1
time	20
time-critical	1
tinge	1
tip	1
title	2
to	437
today	5
together	3
token	1
tolerate	2
tone	2
too	1
tool	5
tooth	3
top	7
torque	1
total	3
totem	1
tourer	1
touring	1
tourmaline	1
towards	5
toxin	6
toy	1
track	2
tracker	1
trackway	1
trade	6
trading	1
tradition	1
traditional	5
traditionally	1
trait	1
transactional	1
transcription	1
transform	2
translate	4
translation	1
transmission	1
transparency	4
transparent	4
transparently	1
transport	1
trap	2
travel	1
treat	4
treatment	7
tree	1
treed	1
trend-setting	1
trim	1
trophy	1
tropical	1
tropics	1
truck	1
true	5
try	4
tube	1
tupian	1
tuple	5
turn	2
turtle	6
tutorial	1
twice	2
twin	1
twin-cam	1
twin-turbo	1
twist	1
twisted	1
two	35
two-clause	1
two-door	2
two-seat	1
twt	1
type	23
type/class	1
typical	3
typically	7
typing	6
typing[edit	1
typographical	1
u.s.-mexico	1
ubiquity	1
ugly	1
ultimately	2
umbrella	1
uncia	1
uncluttered	1
uncommon	1
under	18
undergo	2
understand	1
undocument	1
ungulate	1
unharmed	1
unidirectionally	1
union	1
unique	2
unit	5
unitary	1
unix-like	1
unknown	1
unless	2
unlike	3
unneeded	1
unofficially	1
unprecedented	1
unpythonic	1
unresolved	1
unrestricted	1
unsuitable	1
unsupported	1
unsuspecting	1
until	9
untreated	1
untyped	1
unusual	1
up	13
update	4
upgrade	1
upon	3
upper	1
upscale	1
upstream	1
urinary	1
urine	1
us$	1
usable	1
usage	1
usd	1
use	115
useful	2
user	8
user-programming	1
usual	3
usually	8
utility	1
v12-engined	1
v6	1
v8	5
v8-powered	1
valid	2
validity	1
valley	1
valuable	3
value	14
value[60]	1
valve	1
van	2
variability	1
variable	10
variant	3
variation	6
variety	6
various	5
vary	9
veficolin	1
vehicle	12
veneer	1
venom	2
venomous	2
ventral	1
veraecruci	2
vermiculite	1
version	28
version-3.0	1
versioning	5
vertebra	1
vertebrate	1
vertical	1
very	10
vfork(	1
via	3
viability	1
viable	1
victim	1
video	2
violate	2
violet	3
virtual	3
virtually	1
visible	3
visual	3
vivid	2
vocalization	1
vocalize	1
volume	1
vs.	4
vulnerability	1
wait	2
wake	1
walk	1
want	2
war	2
warn	2
warrant	2
warrior	3
wartime	1
watch	1
water	4
wavelength	2
way	6
we	5
wean	1
wear	1
web	5
web2py	1
webcam	1
website	1
week	3
weigh	6
weight	10
well	17
well-defined	2
well-known	1
well-muscled	1
west	1
westward	1
wetland	2
what	5
wheel	2
wheelbase	1
when	21
whenever	1
where	16
wherein	1
whether	2
which	81
while	25
whilst	1
white	4
whitespace	2
who	2
whole	1
whose	3
why	1
wide	3
widely	5
widen	1
wider	1
widget	1
wife	2
wikipedium	1
wild	11
wilderness	1
wildlife	3
wildly	1
will	42
willingness	1
win	10
window	1
wire	1
wisdom	1
wish	1
with	179
within	8
without	3
wool	1
word	10
work	13
working	1
workload	1
world	16
world-class	1
worse	1
worst	1
worth	1
would	24
wrap	1
write	17
writings	1
wsgiref	1
x	8
x-type	11
x100	1
x150	1
x300	2
x308	2
x350	2
x351	1
x358	1
xf	3
xf.	1
xj	9
xj-s	1
xj12	2
xj13	2
xj13[72]	1
xj220	2
xj220—the	1
xj40	1
xj6	1
xj8	1
xjr	2
xjr-15	1
xjr-17	1
xjr-5	1
xjr-9	1
xk	1
xk-rr	1
xk120	2
xk140	3
xk150	3
xk8	3
xkr-s	1
y	2
y[62]	1
yaguara	1
yaguareté	1
year	46
year-round	1
yearly	1
yellow	5
yellow-colored	1
yellow-green	2
yet	1
yield	2
you	2
young	3
youthful	1
yucatán	1
zero-based	1
zookeeper	1
zoological	2
zoologist	1
zorros	1
{	5
||	1
}	6
}"	1
£1.7	1
£500	1
§	3
°c	5
°f	4
°f)	1
α-alumina	1
θήρ	1
θηρευτής	1
πάνθηρ	1
παν	1
πυθων	1
–	6
–1992	1
–1994	1
—	18
—funded	1
—in	1
−1.0.[69]	1